{
  "posts": [
    {
      "id": 1,
      "title": "sunt aut facere repellat provident occaecati excepturi optio reprehenderit",
      "body": "quia et suscipit\nsuscipit recusandae consequuntur expedita et cum\nreprehenderit molestiae ut ut quas totam\nnostrum rerum est autem sunt rem eveniet architecto",
      "image": "./src/assets/images/blog-01.jpg",
      "userId": 3
    },
    {
      "id": 2,
      "title": "qui est esse",
      "body": "est rerum tempore vitae\nsequi sint nihil reprehenderit dolor beatae ea dolores neque\nfugiat blanditiis voluptate porro vel nihil molestiae ut reiciendis\nqui aperiam non debitis possimus qui neque nisi nulla def",
      "image": "./src/assets/images/blog-02.jpg",
      "userId": 2
    },
    {
      "id": 3,
      "title": "ea molestias quasi exercitationem repellat qui ipsa sit aut",
      "body": "et iusto sed quo iure\nvoluptatem occaecati omnis eligendi aut ad\nvoluptatem doloribus vel accusantium quis pariatur\nmolestiae porro eius odio et labore et velit aut",
      "image": "./src/assets/images/blog-03.jpg",
      "userId": 1
    }
  ],
  "users": [
    {
      "id": 1,
      "name": "Leanne Graham",
      "username": "Bret",
      "email": "Sincere@april.biz",
      "address": {
        "street": "Kulas Light",
        "suite": "Apt. 556",
        "city": "Gwenborough",
        "zipcode": "92998-3874",
        "geo": {
          "lat": "-37.3159",
          "lng": "81.1496"
        }
      },
      "phone": "1-770-736-8031 x56442",
      "website": "hildegard.org",
      "company": {
        "name": "Romaguera-Crona",
        "catchPhrase": "Multi-layered client-server neural-net",
        "bs": "harness real-time e-markets"
      }
    },
    {
      "id": 2,
      "name": "Ervin Howell",
      "username": "Antonette",
      "email": "Shanna@melissa.tv",
      "address": {
        "street": "Victor Plains",
        "suite": "Suite 879",
        "city": "Wisokyburgh",
        "zipcode": "90566-7771",
        "geo": {
          "lat": "-43.9509",
          "lng": "-34.4618"
        }
      },
      "phone": "010-692-6593 x09125",
      "website": "anastasia.net",
      "company": {
        "name": "Deckow-Crist",
        "catchPhrase": "Proactive didactic contingency",
        "bs": "synergize scalable supply-chains"
      }
    },
    {
      "id": 3,
      "name": "Clementine Bauch",
      "username": "Samantha",
      "email": "Nathan@yesenia.net",
      "address": {
        "street": "Douglas Extension",
        "suite": "Suite 847",
        "city": "McKenziehaven",
        "zipcode": "59590-4157",
        "geo": {
          "lat": "-68.6102",
          "lng": "-47.0653"
        }
      },
      "phone": "1-463-123-4447",
      "website": "ramiro.info",
      "company": {
        "name": "Romaguera-Jacobson",
        "catchPhrase": "Face to face bifurcated interface",
        "bs": "e-enable strategic applications"
      }
    }
  ]
}